<?xml version="1.0" encoding="UTF-8"?>
<project-private xmlns="http://www.netbeans.org/ns/project-private/1">
    <editor-bookmarks xmlns="http://www.netbeans.org/ns/editor-bookmarks/2" lastBookmarkId="0"/>
    <open-files xmlns="http://www.netbeans.org/ns/projectui-open-files/2">
        <group>
            <file>file:/F:/.Year%203/CIS3140%20Research%20&amp;%20Development%20Project/ThomasBotsford3DRaycastingEngine/src/thomasbotsford3draycastingengine/Window.java</file>
            <file>file:/F:/.Year%203/CIS3140%20Research%20&amp;%20Development%20Project/ThomasBotsford3DRaycastingEngine/src/thomasbotsford3draycastingengine/Keyboard.java</file>
        </group>
    </open-files>
</project-private>
